{
    "AL": [
        169900,
        89,
        1908.9887640449438
    ],
    "AR": [
        142500,
        84,
        1696.4285714285713
    ],
    "AZ": [
        225990,
        115,
        1965.1304347826087
    ],
    "CA": [
        419000,
        260,
        1611.5384615384614
    ],
    "CO": [
        312500,
        159,
        1965.4088050314465
    ],
    "CT": [
        269900,
        159,
        1697.4842767295597
    ],
    "DC": [
        449900,
        495,
        908.8888888888889
    ],
    "DE": [
        260000,
        135,
        1925.9259259259259
    ],
    "FL": [
        215000,
        113,
        1902.654867256637
    ],
    "GA": [
        179900,
        90,
        1998.888888888889
    ],
    "HI": [
        520000,
        391,
        1329.923273657289
    ],
    "IL": [
        182500,
        138,
        1322.463768115942
    ],
    "KY": [
        149900,
        101,
        1484.1584158415842
    ],
    "MA": [
        347000,
        222,
        1563.063063063063
    ],
    "MD": [
        275000,
        172,
        1598.8372093023256
    ],
    "MI": [
        137900,
        105,
        1313.3333333333333
    ],
    "MN": [
        199900,
        164,
        1218.9024390243903
    ],
    "NC": [
        198700,
        102,
        1948.0392156862745
    ],
    "NE": [
        149000,
        100,
        1490.0
    ],
    "NH": [
        239900,
        134,
        1790.2985074626865
    ],
    "NJ": [
        295000,
        181,
        1629.8342541436464
    ],
    "NV": [
        218900,
        115,
        1903.4782608695652
    ],
    "OH": [
        129900,
        87,
        1493.103448275862
    ],
    "OK": [
        149999,
        83,
        1807.2168674698796
    ],
    "OR": [
        267000,
        157,
        1700.6369426751592
    ],
    "PA": [
        174900,
        117,
        1494.871794871795
    ],
    "PW": [
        214950,
        126,
        1705.952380952381
    ],
    "RI": [
        259900,
        162,
        1604.320987654321
    ],
    "SC": [
        189900,
        95,
        1998.9473684210527
    ],
    "VA": [
        264500,
        162,
        1632.716049382716
    ],
    "VT": [
        235000,
        141,
        1666.6666666666667
    ],
    "WA": [
        279000,
        166,
        1680.7228915662652
    ],
    "WI": [
        164900,
        106,
        1555.6603773584907
    ],
    "WV": [
        149900,
        76,
        1972.3684210526317
    ]
}